,name,bert-base-uncased,openai-clip-vit-base-patch32
0,CLIP,0.6894059777259827,1.4638426303863525
1,lower,1.0489248037338257,1.6718926429748535
2,masked,0.8878002762794495,1.5829600095748901
3,Random,0.0,0.0
4,upper,1.0070232152938843,1.7502481937408447
5,Zeroes,0.5068542957305908,0.5068542957305908
