,name,bert-base-uncased,openai-clip-vit-base-patch32
0,CLIP,15.868095397949219,9.22015380859375
1,lower,6.327913284301758,4.679252624511719
2,masked,7.798591613769531,5.832456588745117
3,Random,17.897056579589844,5.9333038330078125
4,upper,9.193450927734375,5.308629989624023
5,Zeroes,0.0,0.0
