,name,bert-base-uncased,openai-clip-vit-base-patch32
0,CLIP,26.45592498779297,15.941703796386719
1,lower,21.490009307861328,14.027946472167969
2,masked,20.642169952392578,11.9659423828125
3,Random,23.208717346191406,9.477363586425781
4,upper,23.587017059326172,14.200855255126953
5,Zeroes,0.0,0.0
